<?xml version="1.0" encoding="UTF-8"?><FDSNStationXML xmlns="http://www.fdsn.org/xml/station/1" schemaVersion="1.2"><Source>SeisComP</Source><Sender>SED</Sender><Created>2024-02-16T16:10:45.159315Z</Created><Network code="XJ" startDate="2018-04-04T08:45:00Z" restrictedStatus="closed"><Description>Tsunami Lake Lucerne</Description><Identifier type="DOI">10.12686/sed/networks/xj</Identifier><Station code="MUS06" startDate="2023-07-19T10:04:11Z"><Latitude>46.99321459</Latitude><Longitude>8.586937012</Longitude><Elevation>362.8</Elevation><Site><Name>Muota, SZ</Name><Country>Switzerland</Country></Site><CreationDate>2023-07-19T10:04:11Z</CreationDate><Channel code="HH3" startDate="2023-07-19T10:04:11Z" locationCode=""><Latitude>46.99321459</Latitude><Longitude>8.586937012</Longitude><Elevation>362.8</Elevation><Depth>0</Depth><Azimuth>0</Azimuth><Dip>0</Dip><SampleRate>250</SampleRate><SampleRateRatio><NumberSamples>250</NumberSamples><NumberSeconds>1</NumberSeconds></SampleRateRatio><Sensor resourceId="smi:ch.ethz.sed/Sensor/NRL/Nanometrics/TrilliumCompact.120.170033"><Type>Nanometrics Trillium Compact 120s</Type><Manufacturer>Nanometrics</Manufacturer><Model>Trillium Compact 120s</Model><SerialNumber>170033</SerialNumber></Sensor><Response><InstrumentSensitivity><Value>5.72702275e+10</Value><Frequency>1</Frequency><InputUnits><Name>M/S</Name></InputUnits><OutputUnits><Name>V</Name></OutputUnits></InstrumentSensitivity><Stage number="1"><PolesZeros resourceId="smi:ch.ethz.sed/ResponsePAZ/NRL/Nanometrics/TrilliumCompact.120.20190902142111.23004" name="NRL/Nanometrics/TrilliumCompact.120.23004"><InputUnits><Name>M/S</Name></InputUnits><OutputUnits><Name>V</Name></OutputUnits><PzTransferFunctionType>LAPLACE (RADIANS/SECOND)</PzTransferFunctionType><NormalizationFactor>4.344928e+17</NormalizationFactor><NormalizationFrequency>1</NormalizationFrequency><Zero number="0"><Real>0</Real><Imaginary>0</Imaginary></Zero><Zero number="1"><Real>0</Real><Imaginary>0</Imaginary></Zero><Zero number="2"><Real>-392</Real><Imaginary>0</Imaginary></Zero><Zero number="3"><Real>-1960</Real><Imaginary>0</Imaginary></Zero><Zero number="4"><Real>-1490</Real><Imaginary>1740</Imaginary></Zero><Zero number="5"><Real>-1490</Real><Imaginary>-1740</Imaginary></Zero><Pole number="0"><Real>-0.03691</Real><Imaginary>0.03702</Imaginary></Pole><Pole number="1"><Real>-0.03691</Real><Imaginary>-0.03702</Imaginary></Pole><Pole number="2"><Real>-343</Real><Imaginary>0</Imaginary></Pole><Pole number="3"><Real>-370</Real><Imaginary>467</Imaginary></Pole><Pole number="4"><Real>-370</Real><Imaginary>-467</Imaginary></Pole><Pole number="5"><Real>-836</Real><Imaginary>1522</Imaginary></Pole><Pole number="6"><Real>-836</Real><Imaginary>-1522</Imaginary></Pole><Pole number="7"><Real>-4900</Real><Imaginary>4700</Imaginary></Pole><Pole number="8"><Real>-4900</Real><Imaginary>-4700</Imaginary></Pole><Pole number="9"><Real>-6900</Real><Imaginary>0</Imaginary></Pole><Pole number="10"><Real>-15000</Real><Imaginary>0</Imaginary></Pole></PolesZeros><StageGain><Value>754.3</Value><Frequency>1</Frequency></StageGain></Stage></Response></Channel><Channel code="HH2" startDate="2023-07-19T10:04:11Z" locationCode=""><Latitude>46.99321459</Latitude><Longitude>8.586937012</Longitude><Elevation>362.8</Elevation><Depth>0</Depth><Azimuth>90</Azimuth><Dip>0</Dip><SampleRate>250</SampleRate><SampleRateRatio><NumberSamples>250</NumberSamples><NumberSeconds>1</NumberSeconds></SampleRateRatio><Sensor resourceId="smi:ch.ethz.sed/Sensor/NRL/Nanometrics/TrilliumCompact.120.170033"><Type>Nanometrics Trillium Compact 120s</Type><Manufacturer>Nanometrics</Manufacturer><Model>Trillium Compact 120s</Model><SerialNumber>170033</SerialNumber></Sensor><Response><InstrumentSensitivity><Value>5.72702275e+10</Value><Frequency>1</Frequency><InputUnits><Name>M/S</Name></InputUnits><OutputUnits><Name>V</Name></OutputUnits></InstrumentSensitivity><Stage number="1"><PolesZeros resourceId="smi:ch.ethz.sed/ResponsePAZ/NRL/Nanometrics/TrilliumCompact.120.20190902142111.23004" name="NRL/Nanometrics/TrilliumCompact.120.23004"><InputUnits><Name>M/S</Name></InputUnits><OutputUnits><Name>V</Name></OutputUnits><PzTransferFunctionType>LAPLACE (RADIANS/SECOND)</PzTransferFunctionType><NormalizationFactor>4.344928e+17</NormalizationFactor><NormalizationFrequency>1</NormalizationFrequency><Zero number="0"><Real>0</Real><Imaginary>0</Imaginary></Zero><Zero number="1"><Real>0</Real><Imaginary>0</Imaginary></Zero><Zero number="2"><Real>-392</Real><Imaginary>0</Imaginary></Zero><Zero number="3"><Real>-1960</Real><Imaginary>0</Imaginary></Zero><Zero number="4"><Real>-1490</Real><Imaginary>1740</Imaginary></Zero><Zero number="5"><Real>-1490</Real><Imaginary>-1740</Imaginary></Zero><Pole number="0"><Real>-0.03691</Real><Imaginary>0.03702</Imaginary></Pole><Pole number="1"><Real>-0.03691</Real><Imaginary>-0.03702</Imaginary></Pole><Pole number="2"><Real>-343</Real><Imaginary>0</Imaginary></Pole><Pole number="3"><Real>-370</Real><Imaginary>467</Imaginary></Pole><Pole number="4"><Real>-370</Real><Imaginary>-467</Imaginary></Pole><Pole number="5"><Real>-836</Real><Imaginary>1522</Imaginary></Pole><Pole number="6"><Real>-836</Real><Imaginary>-1522</Imaginary></Pole><Pole number="7"><Real>-4900</Real><Imaginary>4700</Imaginary></Pole><Pole number="8"><Real>-4900</Real><Imaginary>-4700</Imaginary></Pole><Pole number="9"><Real>-6900</Real><Imaginary>0</Imaginary></Pole><Pole number="10"><Real>-15000</Real><Imaginary>0</Imaginary></Pole></PolesZeros><StageGain><Value>754.3</Value><Frequency>1</Frequency></StageGain></Stage></Response></Channel><Channel code="HH1" startDate="2023-07-19T10:04:11Z" locationCode=""><Latitude>46.99321459</Latitude><Longitude>8.586937012</Longitude><Elevation>362.8</Elevation><Depth>0</Depth><Azimuth>0</Azimuth><Dip>-90</Dip><SampleRate>250</SampleRate><SampleRateRatio><NumberSamples>250</NumberSamples><NumberSeconds>1</NumberSeconds></SampleRateRatio><Sensor resourceId="smi:ch.ethz.sed/Sensor/NRL/Nanometrics/TrilliumCompact.120.170033"><Type>Nanometrics Trillium Compact 120s</Type><Manufacturer>Nanometrics</Manufacturer><Model>Trillium Compact 120s</Model><SerialNumber>170033</SerialNumber></Sensor><Response><InstrumentSensitivity><Value>5.72702275e+10</Value><Frequency>1</Frequency><InputUnits><Name>M/S</Name></InputUnits><OutputUnits><Name>V</Name></OutputUnits></InstrumentSensitivity><Stage number="1"><PolesZeros resourceId="smi:ch.ethz.sed/ResponsePAZ/NRL/Nanometrics/TrilliumCompact.120.20190902142111.23004" name="NRL/Nanometrics/TrilliumCompact.120.23004"><InputUnits><Name>M/S</Name></InputUnits><OutputUnits><Name>V</Name></OutputUnits><PzTransferFunctionType>LAPLACE (RADIANS/SECOND)</PzTransferFunctionType><NormalizationFactor>4.344928e+17</NormalizationFactor><NormalizationFrequency>1</NormalizationFrequency><Zero number="0"><Real>0</Real><Imaginary>0</Imaginary></Zero><Zero number="1"><Real>0</Real><Imaginary>0</Imaginary></Zero><Zero number="2"><Real>-392</Real><Imaginary>0</Imaginary></Zero><Zero number="3"><Real>-1960</Real><Imaginary>0</Imaginary></Zero><Zero number="4"><Real>-1490</Real><Imaginary>1740</Imaginary></Zero><Zero number="5"><Real>-1490</Real><Imaginary>-1740</Imaginary></Zero><Pole number="0"><Real>-0.03691</Real><Imaginary>0.03702</Imaginary></Pole><Pole number="1"><Real>-0.03691</Real><Imaginary>-0.03702</Imaginary></Pole><Pole number="2"><Real>-343</Real><Imaginary>0</Imaginary></Pole><Pole number="3"><Real>-370</Real><Imaginary>467</Imaginary></Pole><Pole number="4"><Real>-370</Real><Imaginary>-467</Imaginary></Pole><Pole number="5"><Real>-836</Real><Imaginary>1522</Imaginary></Pole><Pole number="6"><Real>-836</Real><Imaginary>-1522</Imaginary></Pole><Pole number="7"><Real>-4900</Real><Imaginary>4700</Imaginary></Pole><Pole number="8"><Real>-4900</Real><Imaginary>-4700</Imaginary></Pole><Pole number="9"><Real>-6900</Real><Imaginary>0</Imaginary></Pole><Pole number="10"><Real>-15000</Real><Imaginary>0</Imaginary></Pole></PolesZeros><StageGain><Value>754.3</Value><Frequency>1</Frequency></StageGain></Stage></Response></Channel><Channel code="HDH" startDate="2023-07-19T10:04:11Z" locationCode=""><Latitude>46.99321459</Latitude><Longitude>8.586937012</Longitude><Elevation>362.8</Elevation><Depth>0</Depth><Azimuth>0</Azimuth><Dip>0</Dip><SampleRate>250</SampleRate><SampleRateRatio><NumberSamples>250</NumberSamples><NumberSeconds>1</NumberSeconds></SampleRateRatio><Sensor resourceId="smi:ch.ethz.sed/Sensor/Hydrophone.312101"><Type>Hydrophonemanufacturer Hydrophone</Type><Manufacturer>Hydrophonemanufacturer</Manufacturer><Model>Hydrophone</Model><SerialNumber>312101</SerialNumber></Sensor><Response><InstrumentSensitivity><Value>1</Value><Frequency>1</Frequency><InputUnits><Name>Pa</Name></InputUnits><OutputUnits><Name>V</Name></OutputUnits></InstrumentSensitivity><Stage number="1"><PolesZeros resourceId="smi:ch.ethz.sed/ResponsePAZ/Hydrophone.312101" name="PAZ.Hydrophone.312101"><InputUnits><Name>Pa</Name></InputUnits><OutputUnits><Name>V</Name></OutputUnits><PzTransferFunctionType>LAPLACE (RADIANS/SECOND)</PzTransferFunctionType><NormalizationFactor>1</NormalizationFactor><NormalizationFrequency>1</NormalizationFrequency><Zero number="0"><Real>0</Real><Imaginary>0</Imaginary></Zero><Pole number="0"><Real>-3.338898e-10</Real><Imaginary>0</Imaginary></Pole></PolesZeros><StageGain><Value>0.0001949845</Value><Frequency>1</Frequency></StageGain></Stage></Response></Channel></Station></Network></FDSNStationXML>
